"aasdasdasd","asd","Pepe","asdasdasd","asdasdasd","958","asdasd","Usuario"
"Abel","123456","Juanma","Gomez","arq","968","sparta.1.4.0@gmail.com","Usuario"
"Abel1","asda","Juanma","Gomez","Arq","642","sparta.1.4.0@gmail.com","Usuario"
"asdasd","asd","Pablo","ASD","asda","123123123","sparta.1.4.0@gmail.com","Usuario"
"asdasdasd","asd","Pablo","ASD","asda","123123123","sparta.1.4.0@gmail.com","Usuario"
"asdasdasdasd","asdf","adsada","ASDasd","asdasd","123123","asdasd","Usuario"
"asdasdasdasdasd","asdasdasdasd","asdasdasd","asdasdas","asdasdas","0","asdasd","Usuario"
"asdasdasdasdasdasd","123","Pablo","asdasd","asdasd","123123","asdasd@asdasd.com","Usuario"
"Usuario","12345","Juanma","Gomez","Arq","987654321","asdasd@asdasd.com","Administrador"
"Usuario2","123456","Usuario","User","Arq","958","spa","Usuario"
